bop[date],eop[date],dt[day],dt[sec],mhu-mlv[m],stc-mlv[m],eri-mlv[m],scr-flw[cms],det-flw[cms],nia-flw[cms],mhu-dst[cms],stc-dst[cms],eri-dst[cms]
2016-01-01,2016-01-01,1,86400,176.5992,175.1813,174.2007,5204.0,5552.0,5448.0,-2310.0,32.0,416.0
2016-01-02,2016-01-02,1,86400,176.5975,175.1834,174.2021,5199.0,5556.0,5451.0,-2310.0,23.0,416.0
2016-01-03,2016-01-03,1,86400,176.5957,175.1849,174.2035,5194.0,5558.0,5454.0,-2310.0,15.0,416.0
2016-01-04,2016-01-04,1,86400,176.594,175.1859,174.2049,5189.0,5559.0,5457.0,-2310.0,10.0,416.0
2016-01-05,2016-01-05,1,86400,176.5924,175.1865,174.2063,5185.0,5558.0,5460.0,-2310.0,6.0,416.0
2016-01-06,2016-01-06,1,86400,176.5906,175.187,174.2077,5182.0,5557.0,5463.0,-2310.0,5.0,416.0
2016-01-07,2016-01-07,1,86400,176.5889,175.1873,174.2091,5178.0,5555.0,5466.0,-2310.0,3.0,416.0
2016-01-08,2016-01-08,1,86400,176.5872,175.1875,174.2105,5175.0,5553.0,5469.0,-2310.0,3.0,416.0
2016-01-09,2016-01-09,1,86400,176.5856,175.1876,174.2119,5171.0,5550.0,5471.0,-2310.0,1.0,387.0
2016-01-10,2016-01-10,1,86400,176.5839,175.1877,174.2131,5168.0,5548.0,5474.0,-2310.0,0.0,387.0
2016-01-11,2016-01-11,1,86400,176.5821,175.1877,174.2144,5164.0,5545.0,5477.0,-2310.0,-1.0,387.0
2016-01-12,2016-01-12,1,86400,176.5804,175.1875,174.2157,5161.0,5542.0,5479.0,-2310.0,-1.0,387.0
2016-01-13,2016-01-13,1,86400,176.5788,175.1875,174.217,5158.0,5539.0,5482.0,-2310.0,-1.0,387.0
2016-01-14,2016-01-14,1,86400,176.577,175.1874,174.2183,5155.0,5536.0,5485.0,-2310.0,-1.0,357.0
2016-01-15,2016-01-15,1,86400,176.5753,175.1873,174.2195,5152.0,5533.0,5487.0,-2310.0,-1.0,357.0
2016-01-16,2016-01-16,1,86400,176.5736,175.1871,174.2207,5148.0,5530.0,5489.0,-2310.0,-3.0,357.0
2016-01-17,2016-01-17,1,86400,176.572,175.1869,174.2219,5145.0,5527.0,5492.0,-2310.0,-3.0,357.0
2016-01-18,2016-01-18,1,86400,176.5703,175.1868,174.2231,5142.0,5524.0,5494.0,-2310.0,-1.0,357.0
2016-01-19,2016-01-19,1,86400,176.5685,175.1866,174.2243,5139.0,5521.0,5497.0,-2310.0,-3.0,357.0
2016-01-20,2016-01-20,1,86400,176.5668,175.1864,174.2254,5136.0,5517.0,5499.0,-2310.0,-3.0,327.0
2016-01-21,2016-01-21,1,86400,176.5652,175.1862,174.2266,5133.0,5514.0,5501.0,-2310.0,-3.0,327.0
2016-01-22,2016-01-22,1,86400,176.5634,175.186,174.2276,5129.0,5511.0,5504.0,-2310.0,-3.0,327.0
2016-01-23,2016-01-23,1,86400,176.5617,175.1858,174.2287,5126.0,5508.0,5506.0,-2310.0,-3.0,327.0
2016-01-24,2016-01-24,1,86400,176.56,175.1856,174.2298,5123.0,5505.0,5508.0,-2310.0,-3.0,327.0
2016-01-25,2016-01-25,1,86400,176.5584,175.1854,174.231,5120.0,5502.0,5511.0,-2310.0,-3.0,327.0
2016-01-26,2016-01-26,1,86400,176.5567,175.1852,174.232,5117.0,5500.0,5513.0,-2310.0,-3.0,297.0
2016-01-27,2016-01-27,1,86400,176.5549,175.185,174.233,5114.0,5497.0,5515.0,-2310.0,-3.0,297.0
2016-01-28,2016-01-28,1,86400,176.5532,175.1848,174.234,5111.0,5494.0,5517.0,-2310.0,-3.0,297.0
2016-01-29,2016-01-29,1,86400,176.5516,175.1846,174.235,5108.0,5491.0,5519.0,-2310.0,-4.0,297.0
2016-01-30,2016-01-30,1,86400,176.5498,175.1842,174.236,5104.0,5488.0,5521.0,-2310.0,-4.0,297.0
2016-01-31,2016-01-31,1,86400,176.5481,175.1839,174.237,5101.0,5485.0,5523.0,-2310.0,-4.0,268.0
2016-02-01,2016-02-01,1,86400,176.5477,175.1859,174.2388,5184.0,5601.0,5583.0,1087.0,54.0,863.0
2016-02-02,2016-02-02,1,86400,176.5485,175.1897,174.2417,5181.0,5607.0,5589.0,1087.0,44.0,863.0
2016-02-03,2016-02-03,1,86400,176.5493,175.1928,174.2447,5180.0,5612.0,5595.0,1087.0,37.0,863.0
2016-02-04,2016-02-04,1,86400,176.5501,175.1956,174.2475,5178.0,5615.0,5601.0,1087.0,34.0,863.0
2016-02-05,2016-02-05,1,86400,176.5509,175.1981,174.2505,5177.0,5617.0,5607.0,1087.0,31.0,863.0
2016-02-06,2016-02-06,1,86400,176.5517,175.2004,174.2533,5177.0,5619.0,5613.0,1087.0,28.0,833.0
2016-02-07,2016-02-07,1,86400,176.5525,175.2025,174.2561,5176.0,5620.0,5619.0,1087.0,26.0,833.0
2016-02-08,2016-02-08,1,86400,176.5533,175.2044,174.2589,5176.0,5621.0,5625.0,1087.0,24.0,833.0
2016-02-09,2016-02-09,1,86400,176.5541,175.2063,174.2617,5175.0,5621.0,5630.0,1087.0,24.0,833.0
2016-02-10,2016-02-10,1,86400,176.5549,175.2083,174.2645,5175.0,5622.0,5636.0,1087.0,24.0,833.0
2016-02-11,2016-02-11,1,86400,176.5557,175.2101,174.2673,5175.0,5622.0,5642.0,1087.0,23.0,833.0
2016-02-12,2016-02-12,1,86400,176.5565,175.2119,174.2701,5174.0,5622.0,5648.0,1087.0,22.0,803.0
2016-02-13,2016-02-13,1,86400,176.5573,175.2136,174.2728,5174.0,5622.0,5653.0,1087.0,22.0,803.0
2016-02-14,2016-02-14,1,86400,176.5581,175.2153,174.2755,5174.0,5622.0,5659.0,1087.0,22.0,803.0
2016-02-15,2016-02-15,1,86400,176.5589,175.2169,174.2782,5174.0,5622.0,5664.0,1087.0,22.0,803.0
2016-02-16,2016-02-16,1,86400,176.5597,175.2186,174.2808,5174.0,5622.0,5670.0,1087.0,22.0,803.0
2016-02-17,2016-02-17,1,86400,176.5605,175.2204,174.2835,5174.0,5622.0,5675.0,1087.0,22.0,773.0
2016-02-18,2016-02-18,1,86400,176.5613,175.2221,174.2861,5174.0,5622.0,5681.0,1087.0,22.0,773.0
2016-02-19,2016-02-19,1,86400,176.5621,175.2237,174.2887,5173.0,5622.0,5686.0,1087.0,21.0,773.0
2016-02-20,2016-02-20,1,86400,176.5629,175.2253,174.2913,5173.0,5622.0,5692.0,1087.0,21.0,773.0
2016-02-21,2016-02-21,1,86400,176.5637,175.2269,174.2939,5173.0,5622.0,5697.0,1087.0,21.0,773.0
2016-02-22,2016-02-22,1,86400,176.5645,175.2285,174.2964,5173.0,5622.0,5702.0,1087.0,21.0,744.0
2016-02-23,2016-02-23,1,86400,176.5653,175.2301,174.2989,5173.0,5622.0,5707.0,1087.0,21.0,744.0
2016-02-24,2016-02-24,1,86400,176.5661,175.2317,174.3014,5173.0,5622.0,5713.0,1087.0,21.0,744.0
2016-02-25,2016-02-25,1,86400,176.5669,175.2333,174.3039,5173.0,5622.0,5718.0,1087.0,21.0,744.0
2016-02-26,2016-02-26,1,86400,176.5677,175.2349,174.3065,5173.0,5622.0,5723.0,1087.0,21.0,744.0
2016-02-27,2016-02-27,1,86400,176.5685,175.2365,174.309,5173.0,5622.0,5728.0,1087.0,21.0,744.0
2016-02-28,2016-02-28,1,86400,176.5693,175.2381,174.3114,5173.0,5622.0,5733.0,1087.0,21.0,714.0
2016-02-29,2016-02-29,1,86400,176.5701,175.2397,174.3138,5173.0,5622.0,5738.0,1087.0,21.0,714.0
2016-03-01,2016-03-01,1,86400,176.5728,175.2464,174.3186,5511.0,5890.0,5805.0,6250.0,152.0,2142.0
2016-03-02,2016-03-02,1,86400,176.5774,175.2572,174.3258,5509.0,5911.0,5820.0,6250.0,128.0,2171.0
2016-03-03,2016-03-03,1,86400,176.582,175.2665,174.3331,5508.0,5927.0,5835.0,6250.0,111.0,2171.0
2016-03-04,2016-03-04,1,86400,176.5866,175.2747,174.3404,5509.0,5940.0,5850.0,6250.0,101.0,2142.0
2016-03-05,2016-03-05,1,86400,176.5912,175.2822,174.3476,5510.0,5950.0,5865.0,6250.0,92.0,2142.0
2016-03-06,2016-03-06,1,86400,176.5958,175.289,174.3548,5512.0,5957.0,5880.0,6250.0,85.0,2142.0
2016-03-07,2016-03-07,1,86400,176.6004,175.2954,174.362,5514.0,5964.0,5895.0,6250.0,80.0,2142.0
2016-03-08,2016-03-08,1,86400,176.605,175.3015,174.3691,5517.0,5969.0,5910.0,6250.0,77.0,2112.0
2016-03-09,2016-03-09,1,86400,176.6096,175.3075,174.3762,5520.0,5974.0,5925.0,6250.0,76.0,2112.0
2016-03-10,2016-03-10,1,86400,176.6142,175.3132,174.3834,5523.0,5979.0,5940.0,6250.0,73.0,2112.0
2016-03-11,2016-03-11,1,86400,176.6188,175.319,174.3904,5526.0,5983.0,5955.0,6250.0,73.0,2082.0
2016-03-12,2016-03-12,1,86400,176.6234,175.3246,174.3974,5529.0,5987.0,5969.0,6250.0,73.0,2082.0
2016-03-13,2016-03-13,1,86400,176.628,175.3303,174.4044,5533.0,5991.0,5984.0,6250.0,72.0,2082.0
2016-03-14,2016-03-14,1,86400,176.6326,175.3358,174.4114,5536.0,5995.0,5998.0,6250.0,71.0,2052.0
2016-03-15,2016-03-15,1,86400,176.6372,175.3413,174.4183,5539.0,5999.0,6013.0,6250.0,70.0,2052.0
2016-03-16,2016-03-16,1,86400,176.6418,175.3467,174.4252,5543.0,6002.0,6027.0,6250.0,70.0,2052.0
2016-03-17,2016-03-17,1,86400,176.6464,175.3521,174.432,5546.0,6006.0,6042.0,6250.0,70.0,2023.0
2016-03-18,2016-03-18,1,86400,176.651,175.3575,174.4388,5550.0,6010.0,6056.0,6250.0,70.0,2023.0
2016-03-19,2016-03-19,1,86400,176.6556,175.3629,174.4456,5553.0,6013.0,6070.0,6250.0,70.0,2023.0
2016-03-20,2016-03-20,1,86400,176.6602,175.3683,174.4524,5557.0,6017.0,6085.0,6250.0,70.0,1993.0
2016-03-21,2016-03-21,1,86400,176.6648,175.3737,174.459,5560.0,6021.0,6099.0,6250.0,70.0,1993.0
2016-03-22,2016-03-22,1,86400,176.6694,175.3791,174.4657,5564.0,6025.0,6113.0,6250.0,70.0,1963.0
2016-03-23,2016-03-23,1,86400,176.6739,175.3844,174.4723,5567.0,6029.0,6127.0,6115.0,68.0,1963.0
2016-03-24,2016-03-24,1,86400,176.6784,175.3898,174.4789,5571.0,6033.0,6141.0,6115.0,68.0,1963.0
2016-03-25,2016-03-25,1,86400,176.683,175.395,174.4855,5574.0,6036.0,6155.0,6115.0,67.0,1933.0
2016-03-26,2016-03-26,1,86400,176.6874,175.4002,174.492,5578.0,6040.0,6168.0,6115.0,68.0,1933.0
2016-03-27,2016-03-27,1,86400,176.6919,175.4055,174.4984,5581.0,6044.0,6182.0,6115.0,67.0,1933.0
2016-03-28,2016-03-28,1,86400,176.6964,175.4107,174.5049,5584.0,6048.0,6196.0,6115.0,67.0,1904.0
2016-03-29,2016-03-29,1,86400,176.7009,175.4158,174.5113,5588.0,6051.0,6209.0,6115.0,66.0,1904.0
2016-03-30,2016-03-30,1,86400,176.7055,175.421,174.5177,5592.0,6055.0,6223.0,6115.0,67.0,1904.0
2016-03-31,2016-03-31,1,86400,176.71,175.4261,174.5241,5595.0,6059.0,6237.0,6115.0,66.0,1904.0
2016-04-01,2016-04-01,1,86400,176.7138,175.4305,174.5295,5712.0,6147.0,6220.0,4484.0,45.0,1309.0
2016-04-02,2016-04-02,1,86400,176.7172,175.434,174.5339,5715.0,6149.0,6229.0,4484.0,46.0,1309.0
2016-04-03,2016-04-03,1,86400,176.7204,175.4375,174.5383,5717.0,6152.0,6238.0,4484.0,45.0,1309.0
2016-04-04,2016-04-04,1,86400,176.7237,175.4411,174.5427,5720.0,6154.0,6248.0,4484.0,46.0,1279.0
2016-04-05,2016-04-05,1,86400,176.7271,175.4447,174.547,5723.0,6157.0,6257.0,4484.0,46.0,1279.0
2016-04-06,2016-04-06,1,86400,176.7304,175.4483,174.5512,5726.0,6160.0,6266.0,4484.0,46.0,1279.0
2016-04-07,2016-04-07,1,86400,176.7336,175.4519,174.5556,5729.0,6163.0,6275.0,4484.0,46.0,1279.0
2016-04-08,2016-04-08,1,86400,176.7369,175.4555,174.5599,5731.0,6166.0,6284.0,4484.0,45.0,1279.0
2016-04-09,2016-04-09,1,86400,176.7403,175.459,174.5641,5734.0,6169.0,6293.0,4484.0,45.0,1249.0
2016-04-10,2016-04-10,1,86400,176.7435,175.4624,174.5683,5737.0,6172.0,6302.0,4484.0,45.0,1249.0
2016-04-11,2016-04-11,1,86400,176.7468,175.466,174.5725,5740.0,6175.0,6311.0,4484.0,46.0,1249.0
2016-04-12,2016-04-12,1,86400,176.7502,175.4695,174.5767,5743.0,6178.0,6320.0,4484.0,45.0,1249.0
2016-04-13,2016-04-13,1,86400,176.7534,175.4731,174.5809,5746.0,6180.0,6329.0,4484.0,45.0,1249.0
2016-04-14,2016-04-14,1,86400,176.7567,175.4766,174.5851,5749.0,6183.0,6338.0,4484.0,46.0,1220.0
2016-04-15,2016-04-15,1,86400,176.76,175.4801,174.5892,5752.0,6187.0,6347.0,4348.0,45.0,1220.0
2016-04-16,2016-04-16,1,86400,176.7632,175.4836,174.5932,5754.0,6190.0,6356.0,4348.0,44.0,1220.0
2016-04-17,2016-04-17,1,86400,176.7664,175.4871,174.5974,5757.0,6192.0,6365.0,4348.0,45.0,1220.0
2016-04-18,2016-04-18,1,86400,176.7696,175.4905,174.6014,5760.0,6195.0,6373.0,4348.0,45.0,1220.0
2016-04-19,2016-04-19,1,86400,176.7728,175.494,174.6055,5763.0,6198.0,6382.0,4348.0,43.0,1190.0
2016-04-20,2016-04-20,1,86400,176.776,175.4973,174.6095,5765.0,6201.0,6391.0,4348.0,44.0,1190.0
2016-04-21,2016-04-21,1,86400,176.7792,175.5007,174.6135,5768.0,6204.0,6399.0,4348.0,44.0,1190.0
2016-04-22,2016-04-22,1,86400,176.7824,175.5041,174.6175,5771.0,6207.0,6408.0,4348.0,44.0,1190.0
2016-04-23,2016-04-23,1,86400,176.7856,175.5075,174.6215,5774.0,6210.0,6416.0,4348.0,44.0,1190.0
2016-04-24,2016-04-24,1,86400,176.7888,175.5109,174.6255,5777.0,6213.0,6425.0,4348.0,44.0,1160.0
2016-04-25,2016-04-25,1,86400,176.792,175.5143,174.6293,5780.0,6216.0,6433.0,4348.0,44.0,1160.0
2016-04-26,2016-04-26,1,86400,176.7952,175.5176,174.6333,5782.0,6219.0,6442.0,4348.0,43.0,1160.0
2016-04-27,2016-04-27,1,86400,176.7984,175.5209,174.6372,5785.0,6222.0,6450.0,4348.0,43.0,1160.0
2016-04-28,2016-04-28,1,86400,176.8016,175.5243,174.6411,5788.0,6225.0,6458.0,4348.0,44.0,1160.0
2016-04-29,2016-04-29,1,86400,176.8048,175.5276,174.6449,5791.0,6228.0,6467.0,4348.0,43.0,1160.0
2016-04-30,2016-04-30,1,86400,176.808,175.531,174.6488,5794.0,6231.0,6475.0,4348.0,44.0,1130.0
2016-05-01,2016-05-01,1,86400,176.8101,175.5282,174.6509,5802.0,6215.0,6621.0,1359.0,-115.0,149.0
2016-05-02,2016-05-02,1,86400,176.8111,175.5209,174.6514,5812.0,6187.0,6622.0,1359.0,-76.0,119.0
2016-05-03,2016-05-03,1,86400,176.812,175.516,174.6518,5820.0,6168.0,6623.0,1223.0,-49.0,89.0
2016-05-04,2016-05-04,1,86400,176.813,175.5129,174.6521,5825.0,6156.0,6624.0,1223.0,-31.0,89.0
2016-05-05,2016-05-05,1,86400,176.8139,175.511,174.6524,5829.0,6148.0,6624.0,1223.0,-19.0,89.0
2016-05-06,2016-05-06,1,86400,176.8148,175.5098,174.6526,5832.0,6143.0,6625.0,1223.0,-12.0,59.0
2016-05-07,2016-05-07,1,86400,176.8157,175.5091,174.6528,5835.0,6140.0,6625.0,1223.0,-5.0,59.0
2016-05-08,2016-05-08,1,86400,176.8166,175.5088,174.653,5837.0,6139.0,6626.0,1223.0,-3.0,59.0
2016-05-09,2016-05-09,1,86400,176.8175,175.5087,174.6532,5839.0,6138.0,6626.0,1223.0,1.0,59.0
2016-05-10,2016-05-10,1,86400,176.8184,175.5089,174.6534,5841.0,6138.0,6627.0,1223.0,3.0,59.0
2016-05-11,2016-05-11,1,86400,176.8193,175.5091,174.6536,5843.0,6138.0,6627.0,1223.0,3.0,59.0
2016-05-12,2016-05-12,1,86400,176.8202,175.5094,174.6538,5844.0,6139.0,6628.0,1223.0,5.0,59.0
2016-05-13,2016-05-13,1,86400,176.8211,175.5099,174.654,5846.0,6140.0,6628.0,1223.0,6.0,59.0
2016-05-14,2016-05-14,1,86400,176.8219,175.5103,174.6542,5847.0,6141.0,6628.0,1223.0,6.0,59.0
2016-05-15,2016-05-15,1,86400,176.8228,175.5108,174.6544,5848.0,6143.0,6629.0,1223.0,5.0,59.0
2016-05-16,2016-05-16,1,86400,176.8237,175.5112,174.6546,5850.0,6144.0,6629.0,1223.0,6.0,59.0
2016-05-17,2016-05-17,1,86400,176.8246,175.5117,174.6548,5851.0,6145.0,6630.0,1223.0,6.0,59.0
2016-05-18,2016-05-18,1,86400,176.8255,175.5123,174.655,5852.0,6147.0,6630.0,1223.0,6.0,59.0
2016-05-19,2016-05-19,1,86400,176.8264,175.5127,174.6552,5854.0,6148.0,6631.0,1223.0,6.0,59.0
2016-05-20,2016-05-20,1,86400,176.8273,175.5132,174.6554,5855.0,6149.0,6631.0,1223.0,6.0,59.0
2016-05-21,2016-05-21,1,86400,176.8282,175.5137,174.6556,5856.0,6150.0,6631.0,1223.0,5.0,59.0
2016-05-22,2016-05-22,1,86400,176.8291,175.5141,174.6558,5858.0,6152.0,6632.0,1223.0,6.0,59.0
2016-05-23,2016-05-23,1,86400,176.83,175.5147,174.656,5859.0,6153.0,6632.0,1223.0,6.0,59.0
2016-05-24,2016-05-24,1,86400,176.8309,175.5152,174.6562,5860.0,6154.0,6633.0,1223.0,6.0,59.0
2016-05-25,2016-05-25,1,86400,176.8318,175.5156,174.6564,5862.0,6156.0,6633.0,1223.0,6.0,89.0
2016-05-26,2016-05-26,1,86400,176.8327,175.5162,174.6568,5863.0,6157.0,6634.0,1223.0,6.0,89.0
2016-05-27,2016-05-27,1,86400,176.8336,175.5167,174.657,5864.0,6158.0,6635.0,1223.0,6.0,89.0
2016-05-28,2016-05-28,1,86400,176.8345,175.5171,174.6573,5865.0,6159.0,6635.0,1223.0,6.0,89.0
2016-05-29,2016-05-29,1,86400,176.8354,175.5177,174.6577,5867.0,6160.0,6636.0,1223.0,6.0,89.0
2016-05-30,2016-05-30,1,86400,176.8363,175.5181,174.6579,5868.0,6161.0,6636.0,1223.0,6.0,89.0
2016-05-31,2016-05-31,1,86400,176.8372,175.5186,174.6582,5869.0,6162.0,6637.0,1223.0,6.0,89.0
2016-06-01,2016-06-01,1,86400,176.8379,175.5177,174.6567,5872.0,6163.0,6577.0,408.0,-31.0,-1011.0
2016-06-02,2016-06-02,1,86400,176.8381,175.5154,174.6533,5875.0,6162.0,6570.0,408.0,-27.0,-1011.0
2016-06-03,2016-06-03,1,86400,176.8384,175.5135,174.65,5878.0,6163.0,6563.0,408.0,-24.0,-982.0
2016-06-04,2016-06-04,1,86400,176.8388,175.5115,174.6467,5880.0,6164.0,6555.0,408.0,-24.0,-982.0
2016-06-05,2016-06-05,1,86400,176.839,175.5097,174.6433,5883.0,6165.0,6548.0,408.0,-23.0,-982.0
2016-06-06,2016-06-06,1,86400,176.8393,175.508,174.6401,5886.0,6167.0,6541.0,408.0,-21.0,-952.0
2016-06-07,2016-06-07,1,86400,176.8397,175.5064,174.6369,5888.0,6169.0,6534.0,408.0,-21.0,-952.0
2016-06-08,2016-06-08,1,86400,176.8399,175.5048,174.6337,5890.0,6171.0,6528.0,408.0,-21.0,-952.0
2016-06-09,2016-06-09,1,86400,176.8402,175.5032,174.6305,5893.0,6172.0,6521.0,408.0,-21.0,-952.0
2016-06-10,2016-06-10,1,86400,176.8406,175.5016,174.6273,5895.0,6174.0,6514.0,408.0,-19.0,-922.0
2016-06-11,2016-06-11,1,86400,176.8408,175.5002,174.6243,5897.0,6176.0,6507.0,408.0,-19.0,-922.0
2016-06-12,2016-06-12,1,86400,176.8411,175.4987,174.6212,5900.0,6178.0,6501.0,408.0,-18.0,-922.0
2016-06-13,2016-06-13,1,86400,176.8415,175.4973,174.6181,5902.0,6181.0,6494.0,408.0,-18.0,-892.0
2016-06-14,2016-06-14,1,86400,176.8417,175.4959,174.6151,5904.0,6182.0,6488.0,408.0,-19.0,-892.0
2016-06-15,2016-06-15,1,86400,176.8421,175.4944,174.6121,5906.0,6184.0,6481.0,408.0,-18.0,-892.0
2016-06-16,2016-06-16,1,86400,176.8424,175.493,174.6091,5908.0,6186.0,6475.0,408.0,-18.0,-892.0
2016-06-17,2016-06-17,1,86400,176.8426,175.4916,174.6062,5910.0,6188.0,6468.0,408.0,-18.0,-863.0
2016-06-18,2016-06-18,1,86400,176.843,175.4903,174.6033,5913.0,6190.0,6462.0,408.0,-17.0,-863.0
2016-06-19,2016-06-19,1,86400,176.8433,175.489,174.6003,5915.0,6192.0,6456.0,408.0,-17.0,-863.0
2016-06-20,2016-06-20,1,86400,176.8435,175.4877,174.5974,5917.0,6194.0,6450.0,408.0,-17.0,-863.0
2016-06-21,2016-06-21,1,86400,176.8439,175.4863,174.5946,5919.0,6196.0,6444.0,408.0,-17.0,-833.0
2016-06-22,2016-06-22,1,86400,176.8442,175.4851,174.5918,5921.0,6198.0,6438.0,408.0,-17.0,-833.0
2016-06-23,2016-06-23,1,86400,176.8444,175.4837,174.589,5923.0,6200.0,6432.0,408.0,-17.0,-833.0
2016-06-24,2016-06-24,1,86400,176.8448,175.4824,174.5862,5925.0,6202.0,6426.0,408.0,-17.0,-803.0
2016-06-25,2016-06-25,1,86400,176.8451,175.4812,174.5835,5927.0,6203.0,6420.0,408.0,-17.0,-803.0
2016-06-26,2016-06-26,1,86400,176.8453,175.4799,174.5808,5929.0,6205.0,6414.0,408.0,-15.0,-803.0
2016-06-27,2016-06-27,1,86400,176.8457,175.4787,174.5781,5931.0,6207.0,6408.0,408.0,-15.0,-803.0
2016-06-28,2016-06-28,1,86400,176.846,175.4775,174.5755,5932.0,6209.0,6403.0,408.0,-15.0,-773.0
2016-06-29,2016-06-29,1,86400,176.8462,175.4762,174.5729,5934.0,6211.0,6397.0,408.0,-17.0,-773.0
2016-06-30,2016-06-30,1,86400,176.8466,175.475,174.5703,5936.0,6212.0,6392.0,408.0,-15.0,-773.0
2016-07-01,2016-07-01,1,86400,176.8465,175.4742,174.5683,5937.0,6214.0,6218.0,-544.0,-6.0,-387.0
2016-07-02,2016-07-02,1,86400,176.8461,175.4736,174.567,5937.0,6215.0,6215.0,-544.0,-8.0,-387.0
2016-07-03,2016-07-03,1,86400,176.8457,175.473,174.5657,5937.0,6216.0,6212.0,-544.0,-8.0,-387.0
2016-07-04,2016-07-04,1,86400,176.8453,175.4724,174.5644,5937.0,6216.0,6209.0,-544.0,-9.0,-387.0
2016-07-05,2016-07-05,1,86400,176.8449,175.4716,174.5632,5937.0,6217.0,6206.0,-544.0,-10.0,-387.0
2016-07-06,2016-07-06,1,86400,176.8445,175.4708,174.5618,5937.0,6217.0,6204.0,-544.0,-10.0,-387.0
2016-07-07,2016-07-07,1,86400,176.8441,175.47,174.5606,5937.0,6217.0,6201.0,-544.0,-10.0,-357.0
2016-07-08,2016-07-08,1,86400,176.8437,175.4692,174.5594,5937.0,6217.0,6198.0,-544.0,-10.0,-357.0
2016-07-09,2016-07-09,1,86400,176.8433,175.4684,174.5582,5937.0,6217.0,6196.0,-544.0,-10.0,-357.0
2016-07-10,2016-07-10,1,86400,176.8429,175.4676,174.557,5937.0,6217.0,6193.0,-544.0,-9.0,-357.0
2016-07-11,2016-07-11,1,86400,176.8425,175.4669,174.5558,5937.0,6217.0,6191.0,-544.0,-10.0,-357.0
2016-07-12,2016-07-12,1,86400,176.8421,175.4661,174.5546,5937.0,6217.0,6188.0,-544.0,-10.0,-357.0
2016-07-13,2016-07-13,1,86400,176.8417,175.4653,174.5534,5937.0,6217.0,6186.0,-544.0,-10.0,-357.0
2016-07-14,2016-07-14,1,86400,176.8413,175.4645,174.5522,5937.0,6217.0,6183.0,-544.0,-9.0,-357.0
2016-07-15,2016-07-15,1,86400,176.8409,175.4638,174.551,5937.0,6217.0,6181.0,-544.0,-10.0,-357.0
2016-07-16,2016-07-16,1,86400,176.8405,175.463,174.5498,5937.0,6217.0,6178.0,-544.0,-10.0,-357.0
2016-07-17,2016-07-17,1,86400,176.8401,175.4622,174.5486,5937.0,6216.0,6175.0,-544.0,-10.0,-357.0
2016-07-18,2016-07-18,1,86400,176.8397,175.4615,174.5474,5937.0,6217.0,6173.0,-544.0,-9.0,-357.0
2016-07-19,2016-07-19,1,86400,176.8393,175.4607,174.5462,5937.0,6217.0,6170.0,-544.0,-10.0,-327.0
2016-07-20,2016-07-20,1,86400,176.8389,175.4599,174.5452,5937.0,6216.0,6168.0,-544.0,-9.0,-327.0
2016-07-21,2016-07-21,1,86400,176.8385,175.4592,174.544,5937.0,6216.0,6166.0,-544.0,-9.0,-327.0
2016-07-22,2016-07-22,1,86400,176.8381,175.4586,174.5429,5937.0,6216.0,6163.0,-544.0,-9.0,-327.0
2016-07-23,2016-07-23,1,86400,176.8377,175.4579,174.5419,5937.0,6216.0,6161.0,-544.0,-9.0,-327.0
2016-07-24,2016-07-24,1,86400,176.8373,175.4571,174.5408,5936.0,6216.0,6159.0,-544.0,-9.0,-327.0
2016-07-25,2016-07-25,1,86400,176.8369,175.4564,174.5396,5936.0,6216.0,6156.0,-544.0,-10.0,-327.0
2016-07-26,2016-07-26,1,86400,176.8365,175.4556,174.5385,5936.0,6216.0,6154.0,-544.0,-10.0,-327.0
2016-07-27,2016-07-27,1,86400,176.8361,175.4548,174.5375,5936.0,6216.0,6152.0,-544.0,-9.0,-327.0
2016-07-28,2016-07-28,1,86400,176.8357,175.4541,174.5364,5936.0,6216.0,6149.0,-544.0,-10.0,-327.0
2016-07-29,2016-07-29,1,86400,176.8353,175.4534,174.5352,5936.0,6215.0,6147.0,-544.0,-9.0,-327.0
2016-07-30,2016-07-30,1,86400,176.8349,175.4527,174.5342,5936.0,6216.0,6145.0,-544.0,-9.0,-327.0
2016-07-31,2016-07-31,1,86400,176.8345,175.4519,174.5331,5936.0,6215.0,6142.0,-544.0,-10.0,-297.0
2016-08-01,2016-08-01,1,86400,176.8338,175.4507,174.5315,5936.0,6215.0,6224.0,-1495.0,-19.0,-654.0
2016-08-02,2016-08-02,1,86400,176.8327,175.4493,174.5293,5935.0,6214.0,6219.0,-1495.0,-19.0,-654.0
2016-08-03,2016-08-03,1,86400,176.8315,175.4477,174.5271,5935.0,6214.0,6215.0,-1495.0,-19.0,-654.0
2016-08-04,2016-08-04,1,86400,176.8305,175.4462,174.5249,5934.0,6214.0,6210.0,-1495.0,-21.0,-654.0
2016-08-05,2016-08-05,1,86400,176.8293,175.4447,174.5227,5933.0,6213.0,6205.0,-1495.0,-19.0,-654.0
2016-08-06,2016-08-06,1,86400,176.8282,175.4431,174.5205,5933.0,6213.0,6201.0,-1495.0,-21.0,-654.0
2016-08-07,2016-08-07,1,86400,176.8272,175.4415,174.5183,5932.0,6212.0,6196.0,-1495.0,-21.0,-654.0
2016-08-08,2016-08-08,1,86400,176.8261,175.4399,174.5161,5932.0,6211.0,6191.0,-1495.0,-19.0,-654.0
2016-08-09,2016-08-09,1,86400,176.825,175.4384,174.5139,5931.0,6211.0,6187.0,-1495.0,-21.0,-625.0
2016-08-10,2016-08-10,1,86400,176.8238,175.4368,174.5118,5931.0,6210.0,6182.0,-1495.0,-19.0,-625.0
2016-08-11,2016-08-11,1,86400,176.8228,175.4353,174.5097,5930.0,6209.0,6178.0,-1495.0,-21.0,-625.0
2016-08-12,2016-08-12,1,86400,176.8217,175.4338,174.5076,5929.0,6209.0,6173.0,-1495.0,-19.0,-625.0
2016-08-13,2016-08-13,1,86400,176.8205,175.4323,174.5055,5929.0,6208.0,6169.0,-1495.0,-19.0,-625.0
2016-08-14,2016-08-14,1,86400,176.8195,175.4307,174.5034,5928.0,6207.0,6164.0,-1495.0,-21.0,-625.0
2016-08-15,2016-08-15,1,86400,176.8184,175.4291,174.5014,5927.0,6207.0,6160.0,-1495.0,-19.0,-625.0
2016-08-16,2016-08-16,1,86400,176.8173,175.4276,174.4993,5927.0,6206.0,6156.0,-1495.0,-19.0,-625.0
2016-08-17,2016-08-17,1,86400,176.8161,175.4262,174.4972,5926.0,6205.0,6151.0,-1495.0,-19.0,-595.0
2016-08-18,2016-08-18,1,86400,176.8151,175.4246,174.4952,5925.0,6205.0,6147.0,-1495.0,-19.0,-595.0
2016-08-19,2016-08-19,1,86400,176.8139,175.4232,174.4932,5925.0,6204.0,6143.0,-1495.0,-19.0,-595.0
2016-08-20,2016-08-20,1,86400,176.8128,175.4216,174.4912,5924.0,6203.0,6138.0,-1495.0,-19.0,-595.0
2016-08-21,2016-08-21,1,86400,176.8118,175.4201,174.4892,5923.0,6202.0,6134.0,-1495.0,-19.0,-595.0
2016-08-22,2016-08-22,1,86400,176.8107,175.4187,174.4872,5923.0,6201.0,6130.0,-1495.0,-19.0,-595.0
2016-08-23,2016-08-23,1,86400,176.8096,175.4172,174.4852,5922.0,6201.0,6126.0,-1495.0,-19.0,-595.0
2016-08-24,2016-08-24,1,86400,176.8084,175.4157,174.4832,5921.0,6200.0,6122.0,-1495.0,-19.0,-595.0
2016-08-25,2016-08-25,1,86400,176.8074,175.4142,174.4813,5921.0,6199.0,6117.0,-1495.0,-18.0,-565.0
2016-08-26,2016-08-26,1,86400,176.8063,175.4128,174.4794,5920.0,6198.0,6113.0,-1495.0,-18.0,-565.0
2016-08-27,2016-08-27,1,86400,176.8051,175.4113,174.4774,5919.0,6198.0,6109.0,-1495.0,-19.0,-565.0
2016-08-28,2016-08-28,1,86400,176.8041,175.4099,174.4755,5919.0,6197.0,6105.0,-1495.0,-18.0,-565.0
2016-08-29,2016-08-29,1,86400,176.803,175.4085,174.4737,5918.0,6196.0,6101.0,-1495.0,-18.0,-565.0
2016-08-30,2016-08-30,1,86400,176.8019,175.4071,174.4718,5917.0,6195.0,6097.0,-1495.0,-18.0,-565.0
2016-08-31,2016-08-31,1,86400,176.8007,175.4056,174.4699,5916.0,6195.0,6093.0,-1495.0,-19.0,-565.0
2016-09-01,2016-09-01,1,86400,176.7988,175.4022,174.4679,5916.0,6187.0,6146.0,-3805.0,-71.0,-595.0
2016-09-02,2016-09-02,1,86400,176.796,175.3971,174.4659,5916.0,6173.0,6141.0,-3805.0,-59.0,-625.0
2016-09-03,2016-09-03,1,86400,176.7933,175.3929,174.4638,5914.0,6163.0,6137.0,-3669.0,-49.0,-625.0
2016-09-04,2016-09-04,1,86400,176.7906,175.3893,174.4617,5913.0,6155.0,6133.0,-3669.0,-43.0,-625.0
2016-09-05,2016-09-05,1,86400,176.7879,175.3862,174.4596,5910.0,6149.0,6128.0,-3669.0,-39.0,-625.0
2016-09-06,2016-09-06,1,86400,176.7851,175.3833,174.4574,5908.0,6144.0,6124.0,-3669.0,-36.0,-625.0
2016-09-07,2016-09-07,1,86400,176.7824,175.3806,174.4554,5905.0,6139.0,6119.0,-3669.0,-34.0,-625.0
2016-09-08,2016-09-08,1,86400,176.7797,175.378,174.4532,5903.0,6134.0,6115.0,-3669.0,-34.0,-625.0
2016-09-09,2016-09-09,1,86400,176.777,175.3755,174.4511,5900.0,6130.0,6110.0,-3669.0,-30.0,-625.0
2016-09-10,2016-09-10,1,86400,176.7743,175.3733,174.449,5897.0,6127.0,6106.0,-3669.0,-30.0,-625.0
2016-09-11,2016-09-11,1,86400,176.7716,175.3709,174.4469,5894.0,6124.0,6102.0,-3669.0,-30.0,-625.0
2016-09-12,2016-09-12,1,86400,176.7689,175.3687,174.4448,5890.0,6120.0,6097.0,-3669.0,-30.0,-625.0
2016-09-13,2016-09-13,1,86400,176.7663,175.3664,174.4427,5887.0,6117.0,6093.0,-3669.0,-30.0,-625.0
2016-09-14,2016-09-14,1,86400,176.7636,175.3641,174.4407,5884.0,6114.0,6088.0,-3669.0,-30.0,-625.0
2016-09-15,2016-09-15,1,86400,176.7609,175.3618,174.4386,5881.0,6110.0,6084.0,-3669.0,-28.0,-625.0
2016-09-16,2016-09-16,1,86400,176.7582,175.3596,174.4364,5878.0,6107.0,6079.0,-3669.0,-28.0,-625.0
2016-09-17,2016-09-17,1,86400,176.7554,175.3574,174.4343,5875.0,6104.0,6075.0,-3669.0,-28.0,-625.0
2016-09-18,2016-09-18,1,86400,176.7527,175.3552,174.4323,5872.0,6101.0,6071.0,-3669.0,-28.0,-625.0
2016-09-19,2016-09-19,1,86400,176.7501,175.353,174.4301,5869.0,6098.0,6066.0,-3669.0,-28.0,-625.0
2016-09-20,2016-09-20,1,86400,176.7474,175.3508,174.428,5866.0,6095.0,6062.0,-3669.0,-30.0,-625.0
2016-09-21,2016-09-21,1,86400,176.7447,175.3485,174.426,5862.0,6092.0,6057.0,-3669.0,-30.0,-625.0
2016-09-22,2016-09-22,1,86400,176.742,175.3462,174.4238,5859.0,6088.0,6053.0,-3669.0,-28.0,-625.0
2016-09-23,2016-09-23,1,86400,176.7393,175.344,174.4218,5856.0,6085.0,6049.0,-3669.0,-28.0,-625.0
2016-09-24,2016-09-24,1,86400,176.7366,175.3418,174.4197,5853.0,6082.0,6044.0,-3669.0,-28.0,-625.0
2016-09-25,2016-09-25,1,86400,176.7339,175.3396,174.4176,5850.0,6079.0,6040.0,-3669.0,-28.0,-625.0
2016-09-26,2016-09-26,1,86400,176.7311,175.3374,174.4155,5847.0,6076.0,6035.0,-3669.0,-28.0,-595.0
2016-09-27,2016-09-27,1,86400,176.7284,175.3352,174.4135,5844.0,6073.0,6031.0,-3669.0,-28.0,-595.0
2016-09-28,2016-09-28,1,86400,176.7257,175.333,174.4115,5840.0,6070.0,6027.0,-3669.0,-28.0,-595.0
2016-09-29,2016-09-29,1,86400,176.723,175.3308,174.4095,5837.0,6067.0,6023.0,-3669.0,-28.0,-595.0
2016-09-30,2016-09-30,1,86400,176.7203,175.3286,174.4075,5834.0,6063.0,6019.0,-3669.0,-28.0,-595.0
2016-10-01,2016-10-01,1,86400,176.7176,175.3243,174.4046,5833.0,6055.0,6041.0,-3805.0,-83.0,-1101.0
2016-10-02,2016-10-02,1,86400,176.7148,175.3184,174.401,5833.0,6042.0,6033.0,-3805.0,-70.0,-1101.0
2016-10-03,2016-10-03,1,86400,176.712,175.3133,174.3972,5833.0,6033.0,6026.0,-3805.0,-61.0,-1101.0
2016-10-04,2016-10-04,1,86400,176.7092,175.3089,174.3935,5832.0,6026.0,6018.0,-3805.0,-54.0,-1101.0
2016-10-05,2016-10-05,1,86400,176.7064,175.3048,174.3898,5830.0,6020.0,6010.0,-3805.0,-50.0,-1101.0
2016-10-06,2016-10-06,1,86400,176.7036,175.3011,174.3862,5829.0,6015.0,6002.0,-3805.0,-46.0,-1101.0
2016-10-07,2016-10-07,1,86400,176.7008,175.2976,174.3825,5827.0,6011.0,5995.0,-3805.0,-44.0,-1071.0
2016-10-08,2016-10-08,1,86400,176.698,175.2942,174.3789,5824.0,6007.0,5987.0,-3805.0,-43.0,-1071.0
2016-10-09,2016-10-09,1,86400,176.6952,175.291,174.3753,5822.0,6004.0,5980.0,-3805.0,-43.0,-1071.0
2016-10-10,2016-10-10,1,86400,176.6924,175.2877,174.3717,5820.0,6001.0,5972.0,-3805.0,-41.0,-1071.0
2016-10-11,2016-10-11,1,86400,176.6896,175.2845,174.3681,5818.0,5998.0,5965.0,-3805.0,-40.0,-1071.0
2016-10-12,2016-10-12,1,86400,176.6868,175.2815,174.3645,5815.0,5995.0,5957.0,-3805.0,-40.0,-1071.0
2016-10-13,2016-10-13,1,86400,176.684,175.2784,174.3609,5813.0,5992.0,5949.0,-3805.0,-39.0,-1071.0
2016-10-14,2016-10-14,1,86400,176.6812,175.2753,174.3574,5810.0,5989.0,5942.0,-3805.0,-40.0,-1041.0
2016-10-15,2016-10-15,1,86400,176.6784,175.2723,174.3538,5808.0,5987.0,5935.0,-3805.0,-39.0,-1041.0
2016-10-16,2016-10-16,1,86400,176.6756,175.2693,174.3503,5805.0,5984.0,5927.0,-3805.0,-39.0,-1041.0
2016-10-17,2016-10-17,1,86400,176.6728,175.2663,174.3469,5803.0,5981.0,5920.0,-3805.0,-39.0,-1041.0
2016-10-18,2016-10-18,1,86400,176.67,175.2633,174.3433,5800.0,5979.0,5913.0,-3805.0,-39.0,-1041.0
2016-10-19,2016-10-19,1,86400,176.6672,175.2604,174.3398,5797.0,5976.0,5906.0,-3805.0,-37.0,-1041.0
2016-10-20,2016-10-20,1,86400,176.6644,175.2574,174.3364,5795.0,5974.0,5898.0,-3805.0,-39.0,-1011.0
2016-10-21,2016-10-21,1,86400,176.6617,175.2544,174.333,5792.0,5971.0,5891.0,-3669.0,-39.0,-1011.0
2016-10-22,2016-10-22,1,86400,176.659,175.2514,174.3296,5790.0,5968.0,5884.0,-3669.0,-37.0,-1011.0
2016-10-23,2016-10-23,1,86400,176.6562,175.2485,174.3262,5788.0,5965.0,5877.0,-3669.0,-37.0,-1011.0
2016-10-24,2016-10-24,1,86400,176.6535,175.2457,174.3228,5785.0,5963.0,5870.0,-3669.0,-37.0,-1011.0
2016-10-25,2016-10-25,1,86400,176.6508,175.2428,174.3194,5783.0,5960.0,5863.0,-3669.0,-37.0,-1011.0
2016-10-26,2016-10-26,1,86400,176.6481,175.2399,174.316,5780.0,5958.0,5856.0,-3669.0,-37.0,-1011.0
2016-10-27,2016-10-27,1,86400,176.6455,175.2369,174.3127,5778.0,5955.0,5849.0,-3669.0,-37.0,-982.0
2016-10-28,2016-10-28,1,86400,176.6428,175.234,174.3094,5775.0,5952.0,5842.0,-3669.0,-37.0,-982.0
2016-10-29,2016-10-29,1,86400,176.6401,175.2312,174.3061,5773.0,5950.0,5835.0,-3669.0,-37.0,-982.0
2016-10-30,2016-10-30,1,86400,176.6374,175.2283,174.3028,5771.0,5947.0,5829.0,-3669.0,-36.0,-982.0
2016-10-31,2016-10-31,1,86400,176.6347,175.2254,174.2995,5768.0,5945.0,5822.0,-3669.0,-37.0,-982.0
2016-11-01,2016-11-01,1,86400,176.632,175.2226,174.2962,5766.0,5942.0,5872.0,-3669.0,-36.0,-922.0
2016-11-02,2016-11-02,1,86400,176.6292,175.2198,174.2932,5763.0,5939.0,5865.0,-3669.0,-36.0,-892.0
2016-11-03,2016-11-03,1,86400,176.6266,175.217,174.2902,5760.0,5936.0,5859.0,-3669.0,-36.0,-892.0
2016-11-04,2016-11-04,1,86400,176.6239,175.2142,174.2872,5758.0,5933.0,5853.0,-3669.0,-35.0,-892.0
2016-11-05,2016-11-05,1,86400,176.6212,175.2115,174.2842,5755.0,5930.0,5847.0,-3669.0,-35.0,-892.0
2016-11-06,2016-11-06,1,86400,176.6185,175.2088,174.2812,5753.0,5927.0,5841.0,-3669.0,-35.0,-892.0
2016-11-07,2016-11-07,1,86400,176.6158,175.2062,174.2782,5750.0,5925.0,5834.0,-3669.0,-35.0,-892.0
2016-11-08,2016-11-08,1,86400,176.613,175.2035,174.2752,5747.0,5922.0,5828.0,-3669.0,-35.0,-892.0
2016-11-09,2016-11-09,1,86400,176.6103,175.2008,174.2722,5745.0,5919.0,5822.0,-3669.0,-34.0,-892.0
2016-11-10,2016-11-10,1,86400,176.6076,175.1982,174.2692,5742.0,5917.0,5816.0,-3669.0,-35.0,-892.0
2016-11-11,2016-11-11,1,86400,176.6049,175.1955,174.2662,5739.0,5914.0,5810.0,-3669.0,-35.0,-863.0
2016-11-12,2016-11-12,1,86400,176.6022,175.1928,174.2634,5737.0,5911.0,5804.0,-3669.0,-34.0,-863.0
2016-11-13,2016-11-13,1,86400,176.5995,175.1901,174.2604,5734.0,5909.0,5798.0,-3669.0,-35.0,-863.0
2016-11-14,2016-11-14,1,86400,176.5968,175.1875,174.2576,5731.0,5906.0,5792.0,-3669.0,-35.0,-863.0
2016-11-15,2016-11-15,1,86400,176.5942,175.1848,174.2547,5729.0,5903.0,5786.0,-3669.0,-34.0,-863.0
2016-11-16,2016-11-16,1,86400,176.5915,175.1822,174.2517,5726.0,5900.0,5780.0,-3669.0,-34.0,-863.0
2016-11-17,2016-11-17,1,86400,176.5888,175.1795,174.2489,5723.0,5898.0,5774.0,-3669.0,-35.0,-863.0
2016-11-18,2016-11-18,1,86400,176.5861,175.1769,174.2459,5721.0,5895.0,5768.0,-3669.0,-34.0,-863.0
2016-11-19,2016-11-19,1,86400,176.5833,175.1743,174.2431,5718.0,5892.0,5762.0,-3669.0,-34.0,-863.0
2016-11-20,2016-11-20,1,86400,176.5806,175.1717,174.2402,5715.0,5889.0,5756.0,-3669.0,-34.0,-833.0
2016-11-21,2016-11-21,1,86400,176.578,175.1691,174.2374,5712.0,5887.0,5750.0,-3669.0,-34.0,-833.0
2016-11-22,2016-11-22,1,86400,176.5753,175.1665,174.2346,5710.0,5884.0,5745.0,-3669.0,-34.0,-833.0
2016-11-23,2016-11-23,1,86400,176.5726,175.1639,174.2318,5707.0,5881.0,5739.0,-3669.0,-34.0,-833.0
2016-11-24,2016-11-24,1,86400,176.5699,175.1613,174.229,5704.0,5878.0,5733.0,-3669.0,-34.0,-833.0
2016-11-25,2016-11-25,1,86400,176.5672,175.1587,174.2262,5702.0,5875.0,5727.0,-3669.0,-34.0,-833.0
2016-11-26,2016-11-26,1,86400,176.5645,175.1561,174.2234,5699.0,5873.0,5722.0,-3669.0,-34.0,-833.0
2016-11-27,2016-11-27,1,86400,176.5618,175.1535,174.2206,5696.0,5870.0,5716.0,-3533.0,-34.0,-833.0
2016-11-28,2016-11-28,1,86400,176.5592,175.1509,174.2178,5694.0,5867.0,5710.0,-3533.0,-34.0,-833.0
2016-11-29,2016-11-29,1,86400,176.5566,175.1483,174.215,5691.0,5864.0,5704.0,-3533.0,-34.0,-833.0
2016-11-30,2016-11-30,1,86400,176.554,175.1457,174.2122,5689.0,5861.0,5699.0,-3533.0,-34.0,-803.0
2016-12-01,2016-12-01,1,86400,176.5513,175.1503,174.2117,5594.0,5793.0,5556.0,-3669.0,152.0,476.0
2016-12-02,2016-12-02,1,86400,176.5487,175.1603,174.2133,5579.0,5823.0,5559.0,-3669.0,106.0,506.0
2016-12-03,2016-12-03,1,86400,176.546,175.1672,174.215,5567.0,5843.0,5563.0,-3669.0,73.0,506.0
2016-12-04,2016-12-04,1,86400,176.5433,175.1721,174.2168,5557.0,5856.0,5566.0,-3533.0,52.0,535.0
2016-12-05,2016-12-05,1,86400,176.5407,175.1755,174.2186,5548.0,5863.0,5570.0,-3533.0,35.0,535.0
2016-12-06,2016-12-06,1,86400,176.5381,175.1777,174.2204,5541.0,5867.0,5574.0,-3533.0,24.0,535.0
2016-12-07,2016-12-07,1,86400,176.5355,175.1793,174.2222,5534.0,5869.0,5577.0,-3533.0,15.0,535.0
2016-12-08,2016-12-08,1,86400,176.5329,175.1803,174.224,5528.0,5868.0,5581.0,-3533.0,10.0,535.0
2016-12-09,2016-12-09,1,86400,176.5303,175.1809,174.2258,5522.0,5866.0,5585.0,-3533.0,6.0,535.0
2016-12-10,2016-12-10,1,86400,176.5277,175.1813,174.2276,5517.0,5864.0,5588.0,-3533.0,3.0,506.0
2016-12-11,2016-12-11,1,86400,176.5251,175.1814,174.2292,5512.0,5861.0,5592.0,-3533.0,1.0,506.0
2016-12-12,2016-12-12,1,86400,176.5225,175.1815,174.231,5506.0,5857.0,5595.0,-3533.0,-1.0,506.0
2016-12-13,2016-12-13,1,86400,176.5199,175.1813,174.2327,5501.0,5853.0,5599.0,-3533.0,-3.0,506.0
2016-12-14,2016-12-14,1,86400,176.5173,175.1811,174.2343,5497.0,5849.0,5602.0,-3533.0,-3.0,476.0
2016-12-15,2016-12-15,1,86400,176.5147,175.1809,174.2359,5492.0,5845.0,5606.0,-3533.0,-3.0,476.0
2016-12-16,2016-12-16,1,86400,176.5121,175.1806,174.2375,5487.0,5841.0,5609.0,-3533.0,-4.0,476.0
2016-12-17,2016-12-17,1,86400,176.5095,175.1803,174.2391,5482.0,5836.0,5612.0,-3533.0,-4.0,476.0
2016-12-18,2016-12-18,1,86400,176.5069,175.18,174.2407,5477.0,5832.0,5615.0,-3533.0,-5.0,446.0
2016-12-19,2016-12-19,1,86400,176.5043,175.1796,174.2422,5472.0,5827.0,5618.0,-3533.0,-5.0,446.0
2016-12-20,2016-12-20,1,86400,176.5017,175.1792,174.2437,5468.0,5823.0,5622.0,-3533.0,-5.0,446.0
2016-12-21,2016-12-21,1,86400,176.4991,175.1788,174.2452,5463.0,5818.0,5625.0,-3533.0,-5.0,446.0
2016-12-22,2016-12-22,1,86400,176.4965,175.1784,174.2466,5458.0,5813.0,5628.0,-3533.0,-6.0,416.0
2016-12-23,2016-12-23,1,86400,176.4939,175.1779,174.248,5453.0,5809.0,5631.0,-3533.0,-6.0,416.0
2016-12-24,2016-12-24,1,86400,176.4913,175.1774,174.2494,5449.0,5804.0,5633.0,-3533.0,-5.0,416.0
2016-12-25,2016-12-25,1,86400,176.4887,175.177,174.2508,5444.0,5800.0,5636.0,-3533.0,-6.0,416.0
2016-12-26,2016-12-26,1,86400,176.4861,175.1764,174.2522,5439.0,5795.0,5639.0,-3533.0,-6.0,387.0
2016-12-27,2016-12-27,1,86400,176.4835,175.176,174.2534,5435.0,5790.0,5642.0,-3533.0,-6.0,387.0
2016-12-28,2016-12-28,1,86400,176.4809,175.1755,174.2548,5430.0,5786.0,5644.0,-3533.0,-6.0,387.0
2016-12-29,2016-12-29,1,86400,176.4783,175.1749,174.2561,5425.0,5781.0,5647.0,-3533.0,-6.0,387.0
2016-12-30,2016-12-30,1,86400,176.4758,175.1744,174.2573,5421.0,5777.0,5650.0,-3397.0,-6.0,357.0
2016-12-31,2016-12-31,1,86400,176.4733,175.174,174.2585,5416.0,5773.0,5652.0,-3397.0,-6.0,357.0
2017-01-01,2017-01-01,1,86400,176.4721,175.1748,174.2623,4960.0,5399.0,5575.0,408.0,30.0,1904.0
2017-01-02,2017-01-02,1,86400,176.4725,175.1773,174.2687,4958.0,5394.0,5588.0,408.0,34.0,1904.0
2017-01-03,2017-01-03,1,86400,176.4728,175.18,174.2751,4956.0,5389.0,5601.0,408.0,37.0,1874.0
2017-01-04,2017-01-04,1,86400,176.4731,175.183,174.2814,4953.0,5385.0,5614.0,408.0,37.0,1874.0
2017-01-05,2017-01-05,1,86400,176.4734,175.1859,174.2876,4951.0,5382.0,5627.0,408.0,39.0,1844.0
2017-01-06,2017-01-06,1,86400,176.4737,175.189,174.2937,4948.0,5379.0,5640.0,408.0,40.0,1814.0
2017-01-07,2017-01-07,1,86400,176.474,175.1921,174.2998,4946.0,5376.0,5653.0,408.0,40.0,1814.0
2017-01-08,2017-01-08,1,86400,176.4743,175.1952,174.3059,4943.0,5373.0,5665.0,408.0,40.0,1785.0
2017-01-09,2017-01-09,1,86400,176.4746,175.1983,174.3119,4940.0,5370.0,5678.0,408.0,40.0,1785.0
2017-01-10,2017-01-10,1,86400,176.4749,175.2013,174.3179,4937.0,5368.0,5690.0,408.0,39.0,1755.0
2017-01-11,2017-01-11,1,86400,176.4752,175.2043,174.3238,4935.0,5365.0,5702.0,408.0,40.0,1755.0
2017-01-12,2017-01-12,1,86400,176.4755,175.2074,174.3296,4932.0,5362.0,5714.0,408.0,39.0,1725.0
2017-01-13,2017-01-13,1,86400,176.4758,175.2104,174.3354,4929.0,5360.0,5726.0,408.0,39.0,1725.0
2017-01-14,2017-01-14,1,86400,176.4761,175.2135,174.3411,4927.0,5357.0,5738.0,408.0,40.0,1695.0
2017-01-15,2017-01-15,1,86400,176.4764,175.2165,174.3469,4924.0,5355.0,5750.0,408.0,39.0,1695.0
2017-01-16,2017-01-16,1,86400,176.4767,175.2194,174.3526,4921.0,5353.0,5762.0,408.0,37.0,1695.0
2017-01-17,2017-01-17,1,86400,176.477,175.2224,174.3582,4919.0,5350.0,5774.0,408.0,39.0,1666.0
2017-01-18,2017-01-18,1,86400,176.4773,175.2253,174.3638,4916.0,5348.0,5786.0,408.0,37.0,1666.0
2017-01-19,2017-01-19,1,86400,176.4776,175.2283,174.3693,4913.0,5345.0,5797.0,408.0,37.0,1636.0
2017-01-20,2017-01-20,1,86400,176.4779,175.2311,174.3748,4911.0,5343.0,5809.0,408.0,37.0,1636.0
2017-01-21,2017-01-21,1,86400,176.4782,175.2341,174.3803,4908.0,5340.0,5820.0,408.0,37.0,1606.0
2017-01-22,2017-01-22,1,86400,176.4785,175.237,174.3857,4906.0,5338.0,5831.0,408.0,37.0,1606.0
2017-01-23,2017-01-23,1,86400,176.4788,175.2398,174.3911,4903.0,5336.0,5843.0,408.0,37.0,1577.0
2017-01-24,2017-01-24,1,86400,176.4791,175.2427,174.3963,4900.0,5334.0,5854.0,544.0,36.0,1577.0
2017-01-25,2017-01-25,1,86400,176.4795,175.2455,174.4016,4898.0,5331.0,5865.0,544.0,36.0,1547.0
2017-01-26,2017-01-26,1,86400,176.4799,175.2483,174.4068,4896.0,5329.0,5876.0,544.0,37.0,1547.0
2017-01-27,2017-01-27,1,86400,176.4803,175.2512,174.4119,4893.0,5327.0,5886.0,544.0,36.0,1517.0
2017-01-28,2017-01-28,1,86400,176.4807,175.254,174.417,4891.0,5325.0,5897.0,544.0,36.0,1517.0
2017-01-29,2017-01-29,1,86400,176.4811,175.2568,174.4221,4889.0,5323.0,5908.0,544.0,36.0,1517.0
2017-01-30,2017-01-30,1,86400,176.4815,175.2595,174.4272,4886.0,5321.0,5918.0,544.0,35.0,1487.0
2017-01-31,2017-01-31,1,86400,176.4819,175.2622,174.4322,4884.0,5319.0,5929.0,544.0,35.0,1487.0
2017-02-01,2017-02-01,1,86400,176.4829,175.2602,174.4352,4973.0,5418.0,5992.0,2174.0,-86.0,327.0
2017-02-02,2017-02-02,1,86400,176.4845,175.2549,174.4363,4983.0,5396.0,5994.0,2174.0,-53.0,297.0
2017-02-03,2017-02-03,1,86400,176.4861,175.2516,174.4373,4990.0,5382.0,5996.0,2174.0,-32.0,297.0
2017-02-04,2017-02-04,1,86400,176.4877,175.2496,174.4382,4995.0,5373.0,5998.0,2174.0,-18.0,268.0
2017-02-05,2017-02-05,1,86400,176.4893,175.2486,174.4391,5000.0,5367.0,6000.0,2174.0,-6.0,268.0
2017-02-06,2017-02-06,1,86400,176.4909,175.2484,174.4401,5003.0,5364.0,6002.0,2174.0,-1.0,268.0
2017-02-07,2017-02-07,1,86400,176.4925,175.2484,174.441,5006.0,5362.0,6004.0,2174.0,4.0,268.0
2017-02-08,2017-02-08,1,86400,176.4941,175.2489,174.4419,5009.0,5362.0,6006.0,2174.0,6.0,268.0
2017-02-09,2017-02-09,1,86400,176.4957,175.2495,174.4427,5012.0,5362.0,6008.0,2174.0,10.0,238.0
2017-02-10,2017-02-10,1,86400,176.4973,175.2503,174.4435,5014.0,5363.0,6009.0,2174.0,12.0,238.0
2017-02-11,2017-02-11,1,86400,176.4989,175.2512,174.4443,5016.0,5364.0,6011.0,2174.0,12.0,238.0
2017-02-12,2017-02-12,1,86400,176.5005,175.2522,174.4451,5019.0,5366.0,6013.0,2174.0,13.0,238.0
2017-02-13,2017-02-13,1,86400,176.5021,175.2532,174.4459,5021.0,5367.0,6014.0,2174.0,13.0,238.0
2017-02-14,2017-02-14,1,86400,176.5036,175.2542,174.4467,5023.0,5369.0,6016.0,2038.0,14.0,238.0
2017-02-15,2017-02-15,1,86400,176.5052,175.2553,174.4475,5025.0,5371.0,6018.0,2038.0,14.0,238.0
2017-02-16,2017-02-16,1,86400,176.5067,175.2564,174.4483,5026.0,5373.0,6020.0,2038.0,13.0,238.0
2017-02-17,2017-02-17,1,86400,176.5082,175.2574,174.4491,5028.0,5375.0,6021.0,2038.0,13.0,238.0
2017-02-18,2017-02-18,1,86400,176.5097,175.2584,174.4499,5030.0,5377.0,6023.0,2038.0,13.0,238.0
2017-02-19,2017-02-19,1,86400,176.5112,175.2595,174.4507,5032.0,5378.0,6025.0,2038.0,14.0,238.0
2017-02-20,2017-02-20,1,86400,176.5126,175.2605,174.4515,5034.0,5380.0,6026.0,2038.0,14.0,238.0
2017-02-21,2017-02-21,1,86400,176.5142,175.2616,174.4523,5036.0,5382.0,6028.0,2038.0,14.0,238.0
2017-02-22,2017-02-22,1,86400,176.5157,175.2627,174.4531,5038.0,5384.0,6030.0,2038.0,13.0,268.0
2017-02-23,2017-02-23,1,86400,176.5171,175.2637,174.454,5040.0,5386.0,6032.0,2038.0,14.0,238.0
2017-02-24,2017-02-24,1,86400,176.5186,175.2649,174.4549,5042.0,5388.0,6033.0,2038.0,14.0,268.0
2017-02-25,2017-02-25,1,86400,176.5202,175.266,174.4558,5043.0,5390.0,6035.0,2038.0,14.0,268.0
2017-02-26,2017-02-26,1,86400,176.5216,175.267,174.4567,5045.0,5391.0,6037.0,2038.0,13.0,268.0
2017-02-27,2017-02-27,1,86400,176.5231,175.2681,174.4575,5047.0,5393.0,6039.0,2038.0,14.0,238.0
2017-02-28,2017-02-28,1,86400,176.5247,175.2691,174.4583,5049.0,5395.0,6041.0,2038.0,14.0,238.0
2017-03-01,2017-03-01,1,86400,176.5262,175.2728,174.4602,5388.0,5658.0,6101.0,2174.0,80.0,922.0
2017-03-02,2017-03-02,1,86400,176.5278,175.2784,174.4634,5385.0,5671.0,6108.0,2174.0,64.0,922.0
2017-03-03,2017-03-03,1,86400,176.5294,175.283,174.4665,5383.0,5680.0,6114.0,2174.0,53.0,922.0
2017-03-04,2017-03-04,1,86400,176.531,175.2868,174.4696,5382.0,5687.0,6121.0,2174.0,46.0,922.0
2017-03-05,2017-03-05,1,86400,176.5326,175.2902,174.4726,5382.0,5691.0,6128.0,2174.0,41.0,922.0
2017-03-06,2017-03-06,1,86400,176.5342,175.2933,174.4758,5382.0,5695.0,6134.0,2174.0,37.0,922.0
2017-03-07,2017-03-07,1,86400,176.5358,175.296,174.4789,5382.0,5698.0,6141.0,2174.0,35.0,922.0
2017-03-08,2017-03-08,1,86400,176.5374,175.2987,174.482,5382.0,5700.0,6147.0,2174.0,32.0,922.0
2017-03-09,2017-03-09,1,86400,176.539,175.3012,174.485,5382.0,5701.0,6154.0,2174.0,32.0,922.0
2017-03-10,2017-03-10,1,86400,176.5406,175.3036,174.4882,5383.0,5703.0,6160.0,2174.0,31.0,922.0
2017-03-11,2017-03-11,1,86400,176.5422,175.3059,174.4912,5384.0,5704.0,6167.0,2174.0,30.0,892.0
2017-03-12,2017-03-12,1,86400,176.5438,175.3082,174.4942,5384.0,5705.0,6173.0,2174.0,28.0,892.0
2017-03-13,2017-03-13,1,86400,176.5454,175.3105,174.4972,5385.0,5705.0,6179.0,2174.0,30.0,892.0
2017-03-14,2017-03-14,1,86400,176.547,175.3127,174.5002,5386.0,5706.0,6186.0,2174.0,28.0,892.0
2017-03-15,2017-03-15,1,86400,176.5486,175.315,174.5032,5387.0,5707.0,6192.0,2174.0,30.0,892.0
2017-03-16,2017-03-16,1,86400,176.5502,175.3172,174.5061,5387.0,5708.0,6198.0,2174.0,28.0,863.0
2017-03-17,2017-03-17,1,86400,176.5518,175.3194,174.5091,5388.0,5709.0,6205.0,2174.0,28.0,863.0
2017-03-18,2017-03-18,1,86400,176.5534,175.3216,174.5119,5389.0,5710.0,6211.0,2174.0,28.0,863.0
2017-03-19,2017-03-19,1,86400,176.555,175.3238,174.5149,5390.0,5711.0,6217.0,2174.0,28.0,863.0
2017-03-20,2017-03-20,1,86400,176.5566,175.326,174.5178,5391.0,5712.0,6223.0,2174.0,28.0,863.0
2017-03-21,2017-03-21,1,86400,176.5582,175.3282,174.5206,5391.0,5713.0,6229.0,2174.0,28.0,863.0
2017-03-22,2017-03-22,1,86400,176.5598,175.3304,174.5235,5392.0,5714.0,6235.0,2174.0,28.0,833.0
2017-03-23,2017-03-23,1,86400,176.5614,175.3326,174.5263,5393.0,5715.0,6241.0,2174.0,28.0,833.0
2017-03-24,2017-03-24,1,86400,176.563,175.3348,174.5291,5394.0,5716.0,6247.0,2174.0,27.0,833.0
2017-03-25,2017-03-25,1,86400,176.5646,175.3369,174.5319,5395.0,5717.0,6253.0,2174.0,28.0,833.0
2017-03-26,2017-03-26,1,86400,176.5662,175.339,174.5347,5396.0,5718.0,6259.0,2174.0,26.0,833.0
2017-03-27,2017-03-27,1,86400,176.5678,175.3411,174.5375,5397.0,5719.0,6265.0,2174.0,28.0,833.0
2017-03-28,2017-03-28,1,86400,176.5694,175.3433,174.5403,5397.0,5720.0,6271.0,2174.0,27.0,803.0
2017-03-29,2017-03-29,1,86400,176.571,175.3453,174.5429,5398.0,5721.0,6277.0,2174.0,27.0,803.0
2017-03-30,2017-03-30,1,86400,176.5726,175.3475,174.5456,5399.0,5722.0,6282.0,2174.0,27.0,803.0
2017-03-31,2017-03-31,1,86400,176.5742,175.3496,174.5483,5400.0,5723.0,6288.0,2174.0,27.0,803.0
2017-04-01,2017-04-01,1,86400,176.5781,175.3485,174.5523,5523.0,5795.0,6268.0,8289.0,-54.0,1547.0
2017-04-02,2017-04-02,1,86400,176.5841,175.3459,174.5574,5538.0,5772.0,6279.0,8289.0,-14.0,1487.0
2017-04-03,2017-04-03,1,86400,176.5902,175.3458,174.5624,5551.0,5760.0,6290.0,8289.0,12.0,1487.0
2017-04-04,2017-04-04,1,86400,176.5964,175.3473,174.5673,5562.0,5753.0,6300.0,8289.0,28.0,1458.0
2017-04-05,2017-04-05,1,86400,176.6025,175.3499,174.5722,5572.0,5750.0,6311.0,8289.0,40.0,1458.0
2017-04-06,2017-04-06,1,86400,176.6086,175.3534,174.5771,5580.0,5751.0,6321.0,8289.0,49.0,1428.0
2017-04-07,2017-04-07,1,86400,176.6146,175.3574,174.5819,5588.0,5754.0,6332.0,8289.0,54.0,1428.0
2017-04-08,2017-04-08,1,86400,176.6207,175.3617,174.5867,5596.0,5758.0,6342.0,8289.0,58.0,1428.0
2017-04-09,2017-04-09,1,86400,176.6268,175.3664,174.5915,5603.0,5763.0,6352.0,8153.0,61.0,1428.0
2017-04-10,2017-04-10,1,86400,176.6328,175.371,174.5963,5611.0,5768.0,6362.0,8153.0,61.0,1428.0
2017-04-11,2017-04-11,1,86400,176.6388,175.3759,174.601,5618.0,5774.0,6373.0,8153.0,64.0,1398.0
2017-04-12,2017-04-12,1,86400,176.6448,175.3809,174.6058,5624.0,5781.0,6383.0,8153.0,63.0,1398.0
2017-04-13,2017-04-13,1,86400,176.6508,175.3858,174.6105,5631.0,5787.0,6393.0,8153.0,64.0,1398.0
2017-04-14,2017-04-14,1,86400,176.6568,175.3908,174.6151,5638.0,5794.0,6403.0,8153.0,64.0,1398.0
2017-04-15,2017-04-15,1,86400,176.6628,175.3958,174.6198,5645.0,5801.0,6413.0,8153.0,64.0,1398.0
2017-04-16,2017-04-16,1,86400,176.6688,175.4008,174.6245,5652.0,5808.0,6423.0,8153.0,64.0,1398.0
2017-04-17,2017-04-17,1,86400,176.6748,175.4058,174.6292,5658.0,5815.0,6433.0,8153.0,64.0,1398.0
2017-04-18,2017-04-18,1,86400,176.6808,175.4108,174.6339,5665.0,5821.0,6443.0,8153.0,64.0,1398.0
2017-04-19,2017-04-19,1,86400,176.6868,175.4158,174.6386,5672.0,5828.0,6453.0,8153.0,64.0,1368.0
2017-04-20,2017-04-20,1,86400,176.6928,175.4208,174.6432,5679.0,5835.0,6463.0,8153.0,64.0,1368.0
2017-04-21,2017-04-21,1,86400,176.6988,175.4258,174.6478,5686.0,5842.0,6473.0,8153.0,64.0,1368.0
2017-04-22,2017-04-22,1,86400,176.7048,175.4308,174.6524,5692.0,5849.0,6483.0,8153.0,63.0,1368.0
2017-04-23,2017-04-23,1,86400,176.7108,175.4357,174.657,5699.0,5856.0,6493.0,8153.0,63.0,1368.0
2017-04-24,2017-04-24,1,86400,176.7168,175.4406,174.6616,5706.0,5863.0,6503.0,8153.0,63.0,1368.0
2017-04-25,2017-04-25,1,86400,176.7228,175.4455,174.6662,5713.0,5870.0,6513.0,8153.0,64.0,1368.0
2017-04-26,2017-04-26,1,86400,176.7288,175.4505,174.6708,5720.0,5877.0,6523.0,8153.0,64.0,1368.0
2017-04-27,2017-04-27,1,86400,176.7348,175.4554,174.6754,5727.0,5884.0,6533.0,8153.0,63.0,1368.0
2017-04-28,2017-04-28,1,86400,176.7407,175.4604,174.68,5734.0,5890.0,6542.0,8017.0,64.0,1368.0
2017-04-29,2017-04-29,1,86400,176.7466,175.4654,174.6846,5740.0,5897.0,6552.0,8017.0,63.0,1339.0
2017-04-30,2017-04-30,1,86400,176.7526,175.4702,174.6891,5747.0,5904.0,6562.0,8017.0,63.0,1339.0
2017-05-01,2017-05-01,1,86400,176.7573,175.4712,174.6943,5756.0,5894.0,6715.0,4892.0,-39.0,1814.0
2017-05-02,2017-05-02,1,86400,176.7609,175.4694,174.7004,5766.0,5872.0,6728.0,4892.0,-8.0,1785.0
2017-05-03,2017-05-03,1,86400,176.7645,175.4697,174.7064,5773.0,5858.0,6741.0,4892.0,15.0,1755.0
2017-05-04,2017-05-04,1,86400,176.7681,175.4714,174.7122,5778.0,5849.0,6754.0,4892.0,28.0,1725.0
2017-05-05,2017-05-05,1,86400,176.7717,175.474,174.718,5783.0,5844.0,6766.0,4892.0,39.0,1725.0
2017-05-06,2017-05-06,1,86400,176.7753,175.4773,174.7237,5787.0,5841.0,6779.0,4892.0,46.0,1695.0
2017-05-07,2017-05-07,1,86400,176.7789,175.481,174.7294,5790.0,5840.0,6791.0,4892.0,49.0,1695.0
2017-05-08,2017-05-08,1,86400,176.7825,175.4849,174.7351,5793.0,5840.0,6804.0,4892.0,52.0,1666.0
2017-05-09,2017-05-09,1,86400,176.7861,175.489,174.7407,5796.0,5841.0,6816.0,4756.0,54.0,1666.0
2017-05-10,2017-05-10,1,86400,176.7896,175.4932,174.7463,5798.0,5843.0,6828.0,4756.0,55.0,1666.0
2017-05-11,2017-05-11,1,86400,176.793,175.4975,174.7518,5801.0,5845.0,6840.0,4756.0,55.0,1636.0
2017-05-12,2017-05-12,1,86400,176.7965,175.5018,174.7574,5803.0,5847.0,6852.0,4756.0,55.0,1636.0
2017-05-13,2017-05-13,1,86400,176.8,175.5062,174.7628,5806.0,5849.0,6864.0,4756.0,57.0,1636.0
2017-05-14,2017-05-14,1,86400,176.8035,175.5106,174.7683,5808.0,5851.0,6876.0,4756.0,57.0,1606.0
2017-05-15,2017-05-15,1,86400,176.8071,175.5149,174.7737,5810.0,5854.0,6888.0,4756.0,55.0,1606.0
2017-05-16,2017-05-16,1,86400,176.8106,175.5193,174.7791,5813.0,5856.0,6899.0,4756.0,57.0,1606.0
2017-05-17,2017-05-17,1,86400,176.8141,175.5237,174.7844,5815.0,5859.0,6911.0,4756.0,55.0,1577.0
2017-05-18,2017-05-18,1,86400,176.8175,175.528,174.7897,5818.0,5861.0,6923.0,4756.0,57.0,1577.0
2017-05-19,2017-05-19,1,86400,176.821,175.5324,174.7951,5820.0,5864.0,6934.0,4756.0,55.0,1577.0
2017-05-20,2017-05-20,1,86400,176.8246,175.5367,174.8003,5822.0,5867.0,6946.0,4756.0,55.0,1577.0
2017-05-21,2017-05-21,1,86400,176.8281,175.541,174.8056,5825.0,5869.0,6957.0,4756.0,55.0,1547.0
2017-05-22,2017-05-22,1,86400,176.8315,175.5453,174.8108,5827.0,5872.0,6969.0,4756.0,55.0,1547.0
2017-05-23,2017-05-23,1,86400,176.8351,175.5496,174.816,5830.0,5875.0,6980.0,4756.0,55.0,1547.0
2017-05-24,2017-05-24,1,86400,176.8386,175.5539,174.8211,5832.0,5877.0,6992.0,4756.0,55.0,1517.0
2017-05-25,2017-05-25,1,86400,176.8421,175.5582,174.8263,5835.0,5880.0,7003.0,4756.0,55.0,1517.0
2017-05-26,2017-05-26,1,86400,176.8455,175.5624,174.8313,5837.0,5883.0,7014.0,4756.0,54.0,1517.0
2017-05-27,2017-05-27,1,86400,176.8491,175.5666,174.8364,5840.0,5886.0,7025.0,4756.0,54.0,1517.0
2017-05-28,2017-05-28,1,86400,176.8526,175.5708,174.8415,5842.0,5889.0,7036.0,4756.0,54.0,1487.0
2017-05-29,2017-05-29,1,86400,176.856,175.575,174.8465,5845.0,5891.0,7047.0,4756.0,54.0,1487.0
2017-05-30,2017-05-30,1,86400,176.8596,175.5792,174.8515,5847.0,5894.0,7058.0,4756.0,53.0,1487.0
2017-05-31,2017-05-31,1,86400,176.8631,175.5833,174.8565,5850.0,5897.0,7069.0,4756.0,53.0,1458.0
2017-06-01,2017-06-01,1,86400,176.8667,175.5887,174.8578,5851.0,5914.0,7015.0,5163.0,86.0,-684.0
2017-06-02,2017-06-02,1,86400,176.8705,175.5943,174.8555,5853.0,5943.0,7010.0,5163.0,61.0,-654.0
2017-06-03,2017-06-03,1,86400,176.8743,175.5983,174.8533,5856.0,5965.0,7006.0,5163.0,43.0,-625.0
2017-06-04,2017-06-04,1,86400,176.8781,175.6012,174.8513,5861.0,5981.0,7001.0,5163.0,30.0,-595.0
2017-06-05,2017-06-05,1,86400,176.8819,175.6032,174.8493,5867.0,5995.0,6997.0,5163.0,22.0,-595.0
2017-06-06,2017-06-06,1,86400,176.8857,175.6047,174.8473,5873.0,6006.0,6993.0,5163.0,17.0,-565.0
2017-06-07,2017-06-07,1,86400,176.8895,175.6058,174.8454,5880.0,6016.0,6988.0,5163.0,14.0,-565.0
2017-06-08,2017-06-08,1,86400,176.8933,175.6069,174.8436,5887.0,6025.0,6984.0,5163.0,13.0,-535.0
2017-06-09,2017-06-09,1,86400,176.8971,175.6079,174.8418,5894.0,6033.0,6980.0,5163.0,12.0,-535.0
2017-06-10,2017-06-10,1,86400,176.9009,175.6087,174.8401,5901.0,6041.0,6976.0,5163.0,10.0,-506.0
2017-06-11,2017-06-11,1,86400,176.9046,175.6095,174.8384,5908.0,6049.0,6973.0,5028.0,9.0,-506.0
2017-06-12,2017-06-12,1,86400,176.9083,175.6101,174.8366,5915.0,6056.0,6969.0,5028.0,9.0,-506.0
2017-06-13,2017-06-13,1,86400,176.9121,175.6108,174.835,5922.0,6063.0,6965.0,5028.0,9.0,-476.0
2017-06-14,2017-06-14,1,86400,176.9158,175.6116,174.8334,5929.0,6070.0,6962.0,5028.0,9.0,-476.0
2017-06-15,2017-06-15,1,86400,176.9194,175.6122,174.8318,5936.0,6077.0,6958.0,5028.0,9.0,-476.0
2017-06-16,2017-06-16,1,86400,176.9231,175.613,174.8303,5943.0,6084.0,6955.0,5028.0,9.0,-446.0
2017-06-17,2017-06-17,1,86400,176.9269,175.6137,174.8288,5950.0,6090.0,6952.0,5028.0,9.0,-446.0
2017-06-18,2017-06-18,1,86400,176.9305,175.6144,174.8272,5957.0,6097.0,6948.0,5028.0,10.0,-446.0
2017-06-19,2017-06-19,1,86400,176.9343,175.6152,174.8258,5964.0,6104.0,6945.0,5028.0,10.0,-416.0
2017-06-20,2017-06-20,1,86400,176.938,175.616,174.8244,5971.0,6111.0,6942.0,5028.0,10.0,-416.0
2017-06-21,2017-06-21,1,86400,176.9417,175.6168,174.823,5978.0,6118.0,6939.0,5028.0,10.0,-416.0
2017-06-22,2017-06-22,1,86400,176.9453,175.6176,174.8216,5985.0,6124.0,6936.0,5028.0,12.0,-387.0
2017-06-23,2017-06-23,1,86400,176.949,175.6185,174.8204,5991.0,6131.0,6933.0,5028.0,10.0,-387.0
2017-06-24,2017-06-24,1,86400,176.9527,175.6193,174.8191,5998.0,6138.0,6930.0,5028.0,10.0,-387.0
2017-06-25,2017-06-25,1,86400,176.9565,175.6202,174.8178,6005.0,6144.0,6928.0,5028.0,12.0,-357.0
2017-06-26,2017-06-26,1,86400,176.9601,175.6211,174.8166,6012.0,6151.0,6925.0,5028.0,12.0,-357.0
2017-06-27,2017-06-27,1,86400,176.9638,175.622,174.8154,6019.0,6157.0,6922.0,5028.0,12.0,-357.0
2017-06-28,2017-06-28,1,86400,176.9675,175.6229,174.8142,6025.0,6164.0,6920.0,5028.0,12.0,-327.0
2017-06-29,2017-06-29,1,86400,176.9713,175.6238,174.8132,6032.0,6170.0,6917.0,5028.0,12.0,-327.0
